BIO SCI 94,ORGANISMS TO ECOSYS,BIO SCI 93
BIO SCI 98,BIOCHEMISTRY,BIO SCI 97, AND,CHEM 51B,CHEM 51B, AND,SCHOOL OF BIO SCI ONLY,PUB HEALTH SCIENCES MAJ, S ONLY,SCHOOL OF PHRMSCI ONLY,SCHOOL OF NUR SCI ONLY,BIOMED ENGR: PREMED MAJ, S ONLY ANDNO REPEATS ALLOWED IF GRADE F,BETTER SOC
BIO SCI 100,SCIENTIFIC WRITING,BIO SCI 99, AND,BIO SCI 194S,BIO SCI 194S ANDLOWER DIVISION WRITING
BIO SCI 101,MID SCI & MATH TCHG,BIO SCI 14,PHY SCI
BIO SCI D103,CELL BIOLOGY,BIO SCI 99
BIO SCI D104,DEVELOPMNTL BIOLOGY,BIO SCI 99
BIO SCI E106,ECOLOGY & EVOLUTION,BIO SCI 94
BIO SCI 108,RESEARCH METHODS,BIO SCI 14,PHY SCI
BIO SCI E109,HUMAN PHYSIOLOGY,BIO SCI 99, AND,NO PHRMSCI 120
BIO SCI D111L,DEV & CELL BIO LAB,BIO SCI D103,BIO SCI D103,BIO SCI D104,BIO SCI D104,BIO SCI D105,BIO SCI D105, AND,BIO SCI 100, AND,BIO SCI 194S
BIO SCI E112L,PHYSIOLOGY LAB,BIO SCI 100, AND,BIO SCI 194S, AND,BIO SCI E109,BME 120, AND,BIO SCI E109,BME 121, AND,NO PHRMSCI 120L
BIO SCI N113L,NEUROBIOLOGY LAB,BIO SCI N110, AND,BIO SCI 100, AND,BIO SCI 194S
BIO SCI M114,ADV BIOCHEMISTRY,BIO SCI 99
BIO SCI M114L,BIOCHEMISTRY LAB,BIO SCI 99, AND,BIO SCI 100, AND,BIO SCI 194S
BIO SCI N115B,ADV NEUROBIOLOGY II,BIO SCI N115A
BIO SCI E117B,EXERCISE SCI SEM,BIO SCI E109, AND,BIO SCI E112L, AND,BIO SCI E183
BIO SCI M118L,EXP MICROBIO LAB,BIO SCI 99, AND,BIO SCI 100, AND,BIO SCI 194S
BIO SCI N119,HIST OF NEUROSCI,BIO SCI N110
BIO SCI M121,IMMUNOLOGY W/ HEMAT,BIO SCI 98
BIO SCI M122,GENERAL MICROBIOL,BIO SCI 98
BIO SCI M124B,VIRAL PATH & IMMUN,BIO SCI M121,BIO SCI M124A
BIO SCI M125,MOLEC BIO OF CANCER,BIO SCI 99
BIO SCI M131,IMMUNITY INFECTION,BIO SCI M121, AND,BIO SCI M122
BIO SCI E131L,IMAGE ANALYSIS,BIO SCI E106,BIO SCI E109, AND,BIO SCI 100, AND,BIO SCI 194S
BIO SCI E136,HUMAN NUTRITION,BIO SCI 98, AND,BIO SCI E109
BIO SCI M137,MICROBIAL GENETICS,BIO SCI 97, AND,BIO SCI 98
BIO SCI M144,CELL ORGAN&MEMBRANE;,BIO SCI D103,BIO SCI 107
BIO SCI D145,GENOMICS DEV & MED,BIO SCI 99
BIO SCI E145,COLOR AND VISION,BIO SCI E106
BIO SCI N151,NEUROBIO OF AGING,BIO SCI N110
BIO SCI N155,WIRING THE BRAIN,BIO SCI N110,BIO SCI N152
BIO SCI N156,MOLECULAR MEMORY,BIO SCI N110
BIO SCI E160,BIOLOGY OF BIRDS,BIO SCI 94
BIO SCI E161L,BIO OF BIRDS LAB,BIO SCI E160, AND,BIO SCI 100, AND,BIO SCI 194S
BIO SCI D170,APPLD HUMAN ANATOMY,BIO SCI E109,PHRMSCI 120, AND,NO BIO SCI D136
BIO SCI N173,HUM NEUROPSYCHOLOGY,BIO SCI N110,PSYCH 9A,PSY BEH 11A
BIO SCI E179,LIMNOLOGY&FRESHWATR;,BIO SCI 94
BIO SCI E183,EXERCISE PHYSIOLOGY,BIO SCI 98, AND,BIO SCI E109
BIO SCI 191B,GLOBAL SUSTAINABLTY,BIO SCI 191A,SOCECOL 186A,EARTHSS 190A
