ECON 15A,PROB & STATS ECON I,MATH 2A,AP CALCULUS AB,AP CALCULUS BC,AP CALCULUS AB SUB, AND,MATH 2B,AP CALCULUS BC, AND,MATH
ECON 15B,PROB &STATS; ECON II,ECON 15A, AND,MATH 2A,AP CALCULUS AB,AP CALCULUS BC,AP CALCULUS AB SUB, AND,MATH 2B,AP CALCULUS BC, AND,MATH 4
ECON 20A,BASIC ECONOMICS I,NO AP ECONOMICS:MICRO, AND,NO MGMT 4A, AND,NO ECON 23
ECON 20B,BASIC ECONOMICS II,ECON 20A,AP ECONOMICS:MICRO,ECON 13,INTL ST 13,ECON 23, AND,NO AP ECONOMICS:MACRO, AND,NO MGMT 4B
ECON 23,BASIC ECON FOR ENGS,ENGINEERING MAJ, S ONLY,CIVIL ENGINEERING MAJ, S ONLY,ENVIRONMENTAL ENGR MAJ, S ONLY,MECHANICAL ENGR MAJ, S ONLY,AEROSPACE ENGR MAJ, S ONLY
ECON 100A,INTER ECONOMICS I,ECON 20A,AP ECONOMICS:MICRO, AND,ECON 20B,AP ECONOMICS:MACRO, AND,MATH 2A,AP CALCULUS AB,AP CALCULUS BC,AP CALCULUS AB SUB, AND,MATH 2B,AP CALCULUS BC, AND,NO ECON 105A
ECON 100B,INTER ECONOMICS II,ECON 100A,ECON H100A,ECON 105A, AND,NO ECON 105B
ECON 105B,INTER QUANT ECON II,ECON 105A, AND,NO ECON 100B
ECON 109,PSYCH & BEHVRL ECON,NO ECON 115
ECON 116A,GAME THEORY I,ECON 15B,STATS 120B, AND,ECON 100A,ECON 105A
ECON 122A,APPLD ECONMETRIC I,ECON 20B,AP ECONOMICS:MACRO, AND,ECON 15B,MATH 130B,MATH 133A,STATS 120C, AND,NO ECON 123A, AND,NO ECON 123B
ECON 122B,APPLD ECONMETRIC II,ECON 122A, AND,NO ECON 123B
ECON 123B,ECONOMETRICS II,ECON 123A
ECON 125,BUS FORECASTING,ECON 122A, AND,NO MGMT 180
ECON 127A,EXPERIMNTL ECON,ECON 15B, AND,ECON 100B
ECON 134A,CORPORATE FINANCE,ECON 100A,ECON 105A, AND,ECON 100B,ECON 105B, AND,ECON 100C,ECON 105C, AND,ECON 15A,MATH 131A,STATS 120A, AND,ECON 15B,MATH 131B,STATS 120B, AND,NO MGMT 109
ECON 135,MATH OF FINANCE,MATH 3A,MATH 6G
ECON 141A,PUBLIC ECONOMICS I,ECON 100A,ECON 105A, AND,ECON 100B,ECON 105B
ECON 143,ENERGY ECONOMICS,ECON 15A, AND,ECON 100A,ECON H100A,ECON 105A
ECON 144A,URBAN ECONOMICS I,ECON 20B,AP ECONOMICS:MACRO, AND,ECON 100A
ECON 145E,ECON OF ENVIRONMENT,ECON 100A,ECON 105A
ECON 147A,CORP GOVERNANCE,ECON 100A
ECON 151A,LBR ECON&HUMAN; RSCS,ECON 15A, AND,ECON 15B, AND,ECON 100A,ECON 105A, AND,ECON 100B,ECON 105B
ECON 161B,INTERNATIONAL MONEY,ECON 100A,ECON 105A, AND,ECON 100B,ECON 105B, AND,ECON 100C
ECON 164AW,INDUST REV WEST EUR,ECON 100C,ECON 100C,ECON H100C,ECON H100C,ECON 105C,ECON 105C ANDLOWER DIVISION WRITING
ECON 190BW,ECON HONR COLLOQ II,ECON H190A ANDLOWER DIVISION WRITING
