ENGLISH 15,AMERICN SHORT STORY,LOWER DIVISION WRITING
ENGLISH 15,COMEDY,LOWER DIVISION WRITING
ENGLISH 15,PULP FICTION,LOWER DIVISION WRITING
ENGLISH 100,INTRO TO LIT THEORY,ENGLISH 28A,ENGLISH 28B,ENGLISH 28C,ENGLISH 28D,ENGLISH 28E,LIT JRN 20,LIT JRN 21, AND,ENGLISH 28A,ENGLISH 28B,ENGLISH 28C,ENGLISH 28D,ENGLISH 28E,LIT JRN 20,LIT JRN 21, AND,ENGLISH 28A,ENGLISH 28B,ENGLISH 28C,ENGLISH 28D,ENGLISH 28E,LIT JRN 20
ENGLISH 101W,BUTLER & ATWOOD,ENGLISH 28A,ENGLISH 28B,ENGLISH 28C,ENGLISH 28D,ENGLISH 28E,LIT JRN 20,LIT JRN 21, AND,ENGLISH 28A,ENGLISH 28B,ENGLISH 28C,ENGLISH 28D,ENGLISH 28E,LIT JRN 20,LIT JRN 21, AND,ENGLISH 28A,ENGLISH 28B,ENGLISH 28C,ENGLISH 28D,ENGLISH 28E,LIT JRN 20
ENGLISH 101W,POETRY & THE SENSES,ENGLISH 28A,ENGLISH 28B,ENGLISH 28C,ENGLISH 28D,ENGLISH 28E,LIT JRN 20,LIT JRN 21, AND,ENGLISH 28A,ENGLISH 28B,ENGLISH 28C,ENGLISH 28D,ENGLISH 28E,LIT JRN 20,LIT JRN 21, AND,ENGLISH 28A,ENGLISH 28B,ENGLISH 28C,ENGLISH 28D,ENGLISH 28E,LIT JRN 20
ENGLISH 101W,WHAT IS AN AUTHOR,ENGLISH 28A,ENGLISH 28B,ENGLISH 28C,ENGLISH 28D,ENGLISH 28E,LIT JRN 20,LIT JRN 21, AND,ENGLISH 28A,ENGLISH 28B,ENGLISH 28C,ENGLISH 28D,ENGLISH 28E,LIT JRN 20,LIT JRN 21, AND,ENGLISH 28A,ENGLISH 28B,ENGLISH 28C,ENGLISH 28D,ENGLISH 28E,LIT JRN 20
ENGLISH 102A,GLOBAL RENAISSANCE,ENGLISH 28A,ENGLISH 28B,ENGLISH 28C,ENGLISH 28D,ENGLISH 28E,LIT JRN 20,LIT JRN 21, AND,ENGLISH 28A,ENGLISH 28B,ENGLISH 28C,ENGLISH 28D,ENGLISH 28E,LIT JRN 20,LIT JRN 21, AND,ENGLISH 28A,ENGLISH 28B,ENGLISH 28C,ENGLISH 28D,ENGLISH 28E,LIT JRN 20
ENGLISH 102B,17TH C PASTORAL,ENGLISH 28A,ENGLISH 28B,ENGLISH 28C,ENGLISH 28D,ENGLISH 28E,LIT JRN 20,LIT JRN 21, AND,ENGLISH 28A,ENGLISH 28B,ENGLISH 28C,ENGLISH 28D,ENGLISH 28E,LIT JRN 20,LIT JRN 21, AND,ENGLISH 28A,ENGLISH 28B,ENGLISH 28C,ENGLISH 28D,ENGLISH 28E,LIT JRN 20
ENGLISH 102B,AUGUSTAN TO GOTHIC,ENGLISH 28A,ENGLISH 28B,ENGLISH 28C,ENGLISH 28D,ENGLISH 28E,LIT JRN 20,LIT JRN 21, AND,ENGLISH 28A,ENGLISH 28B,ENGLISH 28C,ENGLISH 28D,ENGLISH 28E,LIT JRN 20,LIT JRN 21, AND,ENGLISH 28A,ENGLISH 28B,ENGLISH 28C,ENGLISH 28D,ENGLISH 28E,LIT JRN 20
ENGLISH 102C,VICTORIAN SPACES,ENGLISH 28A,ENGLISH 28B,ENGLISH 28C,ENGLISH 28D,ENGLISH 28E,LIT JRN 20,LIT JRN 21, AND,ENGLISH 28A,ENGLISH 28B,ENGLISH 28C,ENGLISH 28D,ENGLISH 28E,LIT JRN 20,LIT JRN 21, AND,ENGLISH 28A,ENGLISH 28B,ENGLISH 28C,ENGLISH 28D,ENGLISH 28E,LIT JRN 20
ENGLISH 102C,WILDE TIMES,ENGLISH 28A,ENGLISH 28B,ENGLISH 28C,ENGLISH 28D,ENGLISH 28E,LIT JRN 20,LIT JRN 21, AND,ENGLISH 28A,ENGLISH 28B,ENGLISH 28C,ENGLISH 28D,ENGLISH 28E,LIT JRN 20,LIT JRN 21, AND,ENGLISH 28A,ENGLISH 28B,ENGLISH 28C,ENGLISH 28D,ENGLISH 28E,LIT JRN 20
ENGLISH 102D,AMERICAN NATURALISM,ENGLISH 28A,ENGLISH 28B,ENGLISH 28C,ENGLISH 28D,ENGLISH 28E,LIT JRN 20,LIT JRN 21, AND,ENGLISH 28A,ENGLISH 28B,ENGLISH 28C,ENGLISH 28D,ENGLISH 28E,LIT JRN 20,LIT JRN 21, AND,ENGLISH 28A,ENGLISH 28B,ENGLISH 28C,ENGLISH 28D,ENGLISH 28E,LIT JRN 20
ENGLISH 105,TRAVEL LITERARY JRN,LOWER DIVISION WRITING
ENGLISH 105,WHITE SUPREMACY,LOWER DIVISION WRITING
ENGLISH 106,FREEWAYS PROJECT,ENGLISH 101W,WRITING 101W, AND,ENGLISH 100,ENGLISH 102A,ENGLISH 102B,ENGLISH 102C,ENGLISH 102D,ENGLISH 103,ENGLISH 105, AND,ENGLISH 100,ENGLISH 102B,ENGLISH 102C,ENGLISH 102D,ENGLISH 103,ENGLISH 105
ENGLISH 106,HUMANISM-NATIONALSM,ENGLISH 101W,WRITING 101W, AND,ENGLISH 100,ENGLISH 102A,ENGLISH 102B,ENGLISH 102C,ENGLISH 102D,ENGLISH 103,ENGLISH 105, AND,ENGLISH 100,ENGLISH 102B,ENGLISH 102C,ENGLISH 102D,ENGLISH 103,ENGLISH 105
ENGLISH 106,NEW BLACK POETS,ENGLISH 101W,WRITING 101W, AND,ENGLISH 100,ENGLISH 102A,ENGLISH 102B,ENGLISH 102C,ENGLISH 102D,ENGLISH 103,ENGLISH 105, AND,ENGLISH 100,ENGLISH 102B,ENGLISH 102C,ENGLISH 102D,ENGLISH 103,ENGLISH 105
