MATH 1B,PRE-CALCULUS,MATH 1A,PLACEMENT EXAM SOC /,SAT MATH > 450, AND,NO MATH 2A ANDNO REPEATS ALLOWED IF GRADE,BETTER SOC
MATH 2A,CALCULUS,MATH 1B,PLACEMENT EXAM SOC /,SAT MATH > 650,ACT MATH > 29,AP CALCULUS AB,AP CALCULUS AB SUB, AND,NO AP CALCULUS AB, AND,NO AP CALCULUS BC, AND,NO MATH 5A ANDNO REPEATS ALLOWED IF GRADE,BETTER SOC
MATH 2B,CALCULUS,MATH 2A,MATH 5A,AP CALCULUS AB,AP CALCULUS BC,AP CALCULUS AB SUB, AND,NO AP CALCULUS BC ANDNO REPEATS ALLOWED IF GRADE,BETTER SOC
MATH 2D,MULTIVAR CALCULUS,MATH 2B,AP CALCULUS BC,MATH 5B ANDNO REPEATS ALLOWED IF GRADE,BETTER SOC
MATH 2E,MULTIVAR CALCULUS,MATH 2D,MATH H2D ANDNO REPEATS ALLOWED IF GRADE,BETTER SOC
MATH H2D,HONOR MULTIVAR CALC,MATH 2B B,AP CALCULUS BC ANDNO REPEATS ALLOWED IF GRADE,BETTER SOC
MATH 3A,INTRO LINEAR ALGBRA,MATH 2B,AP CALCULUS BC,MATH 5B ANDNO REPEATS ALLOWED IF GRADE,BETTER SOC
MATH 3D,ELEM DIFF EQUATIONS,MATH 2B,AP CALCULUS BC, AND,MATH 2D,MATH H2D, AND,MATH 2J,MATH 3A ANDNO REPEATS ALLOWED IF GRADE,BETTER SOC
MATH 4,MATH FOR ECONOMISTS,MATH 2B,AP CALCULUS BC,MATH 5B, AND,NO MATH 2D, AND,NO MATH 2J, AND,NO MATH 3A ANDNO REPEATS ALLOWED IF GRADE,BETTER SOC
MATH 5A,CALCULUS LIFE SCIEN,MATH 1B,PLACEMENT EXAM SOC /,AP CALCULUS AB,AP CALCULUS AB SUB,SAT MATH > 650,ACT MATH > 29, AND,NO MATH 2A ANDNO REPEATS ALLOWED IF GRADE,BETTER SOC
MATH 5B,CALCULUS LIFE SCIEN,MATH 5A,MATH 2A,AP CALCULUS AB,AP CALCULUS AB SUB,AP CALCULUS BC, AND,NO MATH 2B ANDNO REPEATS ALLOWED IF GRADE,BETTER SOC
MATH 9,INTRO PROG NUM ANLY,MATH 2A,AP CALCULUS AB,AP CALCULUS AB SUB,AP CALCULUS BC ANDNO REPEATS ALLOWED IF GRADE,BETTER SOC
MATH 13,INTRO ABSTRACT MATH,AP CALCULUS AB,AP CALCULUS AB SUB,AP CALCULUS BC,MATH 2A,IC SCI 6D ANDNO REPEATS ALLOWED IF GRADE,BETTER SOC
MATH 105B,NUMERICAL ANALYSIS,MATH 105A ANDNO REPEATS ALLOWED IF GRADE,BETTER SOC
MATH 105LB,NUMERICAL ANLYS LAB,MATH 105B ANDNO REPEATS ALLOWED IF GRADE,BETTER SOC
MATH 112B,INT PARTIAL DIF EQU,MATH 2E, AND,MATH 112A ANDNO REPEATS ALLOWED IF GRADE,BETTER SOC
MATH 113B,MATH MODELNG IN BIO,MATH 113A ANDNO REPEATS ALLOWED IF GRADE,BETTER SOC
MATH 117,DYNAMICAL SYSTEMS,MATH 3D, AND,MATH 140A ANDNO REPEATS ALLOWED IF GRADE,BETTER SOC
MATH 120A,INTRO GROUP THEORY,MATH 3A,MATH 6G, AND,MATH 13 C- ANDNO REPEATS ALLOWED IF GRADE,BETTER SOC
MATH 120B,INTRO RINGS/FIELDS,MATH 120A C- ANDNO REPEATS ALLOWED IF GRADE,BETTER SOC
MATH H120B,HON GRAD ALGBR II,MATH H120A ANDNO REPEATS ALLOWED IF GRADE,BETTER SOC
MATH 121A,LINEAR ALGEBRA,MATH 3A,MATH 6G, AND,MATH 13 C- ANDNO REPEATS ALLOWED IF GRADE,BETTER SOC
MATH 121B,LINEAR ALGEBRA,MATH 121A ANDNO REPEATS ALLOWED IF GRADE,BETTER SOC
MATH 130A,PROB&STOCH; PROCESS,MATH 2A,AP CALCULUS AB,AP CALCULUS BC,AP CALCULUS AB SUB, AND,MATH 2B,AP CALCULUS BC, AND,MATH 3A,MATH 6G, AND,NO MATH 131A, AND,NO MATH 132A, AND,NO STATS 120A ANDNO REPEATS ALLOWED IF GRADE,BETTER SOC
MATH 130B,PROB&STOCH; PROCESS,MATH 130A,MATH 131A,STATS 120A ANDNO REPEATS ALLOWED IF GRADE,BETTER SOC
MATH 133A,STAT MTHD FINANCE I,MATH 130A,MATH 131A,STATS 120A ANDNO REPEATS ALLOWED IF GRADE,BETTER SOC
MATH 133B,STAT MTHD FNANCE II,MATH 133A ANDNO REPEATS ALLOWED IF GRADE,BETTER SOC
MATH 140A,ELEMENTARY ANALYSIS,MATH 2D, AND,MATH 3A, AND,MATH 13 C- ANDNO REPEATS ALLOWED IF GRADE,BETTER SOC
MATH 140B,ELEMENTARY ANALYSIS,MATH 140A C- ANDNO REPEATS ALLOWED IF GRADE,BETTER SOC
MATH H140B,HON GRAD ANLYS II,MATH H140A ANDNO REPEATS ALLOWED IF GRADE,BETTER SOC
MATH 147,COMPLEX ANALYSIS,MATH 140A, AND,NO MATH 114A ANDNO REPEATS ALLOWED IF GRADE,BETTER SOC
MATH 161,MODERN GEOMETRY,MATH 13 C-,IC SCI 6B, AND,MATH 13 C-,IC SCI 6D ANDNO REPEATS ALLOWED IF GRADE,BETTER SOC
MATH 162A,INTRO DIFFRNTL GEOM,MATH 2E, AND,MATH 3A, AND,MATH 3D ANDNO REPEATS ALLOWED IF GRADE,BETTER SOC
MATH 173B,INTRO CRYPTOLOGY,MATH 173A ANDNO REPEATS ALLOWED IF GRADE,BETTER SOC
MATH 175,COMBINATORICS,MATH 2B,AP CALCULUS BC, AND,MATH 13 C- ANDNO REPEATS ALLOWED IF GRADE,BETTER SOC
MATH 176,MATH OF FINANCE,MATH 3A ANDNO REPEATS ALLOWED IF GRADE,BETTER SOC
MATH 180A,NUMBER THEORY I,MATH 3A, AND,MATH 13 C- ANDNO REPEATS ALLOWED IF GRADE,BETTER SOC
