MGMT 4B,ECON FOR MGRS II,NO AP ECONOMICS:MACRO, AND,NO ECON 20B
MGMT 30B,PRNCPLS OF ACCTG II,MGMT 30A,ECON 25
MGMT 101,MANAGEMENT SCIENCE,MGMT 7,MATH 7,STATS 7,ECON 15A,ECON 15B,AP STATISTICS
MGMT 109,INTRO MANAGRL FIN,MATH 2B,AP CALCULUS BC, AND,MGMT 30A,ECON 25
MGMT 110,STRATEGIC MGMT,MGMT 102, AND,MGMT 105, AND,MGMT 109
MGMT 128,INTL MANAGEMENT,MGMT 102
MGMT 131A,INTERMED ACCTG I,MGMT 30A, AND,MGMT 30B
MGMT 131B,INTERMED ACCTG II,MGMT 131A
MGMT 132A,INDIVIDUAL TAXATION,MGMT 30B
MGMT 133,CORP &PRTNRSHIP; TAX,MGMT 132A
MGMT 136,ACCTG INFO SYSTEMS,MGMT 30B
MGMT 141,INVESTMENTS,MGMT 109
MGMT 144,MULTINATIONAL FINAN,MGMT 109, AND,ECON 20A, AND,ECON 20B
MGMT 155,BRAND MANAGEMENT,MGMT 105
MGMT 189,OPERATIONS MGMT,MGMT 101
MGMT 191W,BUSINESS COMMUN,LOWER DIVISION WRITING
