PHYSICS 3A,BASIC PHYSICS I,MATH 2A,AP CALCULUS AB,AP CALCULUS BC,AP CALCULUS AB SUB,MATH 5A, AND,NO PHYSICS 7C ANDNO REPEATS ALLOWED IF GRADE,BETTER
PHYSICS 3B,BASIC PHYSICS II,PHYSICS 3A,AP PHYSICS C:MECH
PHYSICS 7C,CLASSICAL PHYSICS,PHYSICS 2,MATH 2D,PLACEMENT EXAM SOC /,AP PHYSICS C:MECH,AP PHYSICS C:E/M,PHYSICS 7LC,PHYSICS 7LC, AND,PHYSICS 2,CHEM 1C,CHEM H2C,CHEM M3C,PLACEMENT EXAM SOC /,AP PHYSICS C:MECH,AP PHYSICS C:E/M,PHYSICS 7LC,PHYSICS 7LC, AND,MATH 2B,AP CALCULUS BC ANDNO REPEATS ALLOWED IF GRADE,BETTER
PHYSICS 7D,CLASSICAL PHYSICS,PHYSICS 7LD, AND,PHYSICS 7C, AND,MATH 2B,AP CALCULUS BC, AND,MATH 2D,MATH H2D
PHYSICS 7E,CLASSICAL PHYSICS,PHYSICS 7C, AND,MATH 2B,AP CALCULUS BC ANDNO REPEATS ALLOWED IF GRADE,BETTER
PHYSICS 7LC,CLASS PHYSICS LAB,PHYSICS 7C ANDNO REPEATS ALLOWED IF GRADE,BETTER
PHYSICS 7LD,CLASS PHYSICS LAB,PHYSICS 7LC
PHYSICS 52B,FUND OF EXP PHYSICS,PHYSICS 7D,PHYSICS 3B
PHYSICS 61A,MODERN PHYSICS,PHYSICS 7E,PHYSICS 3C, AND,MATH 2D,MATH H2D
PHYSICS 111B,CLASSICAL MECHANICS,PHYSICS 111A
PHYSICS 112A,ELECTROMAG THEORY,PHYSICS 7D,PHYSICS 3B, AND,PHYSICS 50
PHYSICS 113C,QUANTUM PHYSICS,PHYSICS 111B, AND,PHYSICS 112B, AND,PHYSICS 113B
PHYSICS 120,ELECTRONICS,PHYSICS 52B
PHYSICS 121W,ADVANCED LAB,PHYSICS 51B,PHYSICS 61B,PHYSICS 61C, AND,PHYSICS 52C,PHYSICS 193, AND,PHYSICS 194,EDUC 143BW
PHYSICS 125A,MATHEMATICL PHYSICS,PHYSICS 50, AND,MATH 3D
PHYSICS 136,INTRO PARTICLE PHYS,PHYSICS 113B
PHYSICS 137,INTRO TO COSMOLOGY,PHYSICS 111A
PHYSICS 138,EXTRAGALACTIC ASTRO,PHYSICS 111A
PHYSICS 193,RESEARCH METHODS,BIO SCI 14,PHY SCI
PHYSICS 215B,QUANTUM MECHANICS,PHYSICS 215A
PHYSICS 234B,ADV ELEM PART PHYS,PHYSICS 234A, AND,PHYSICS 235A
PHYSICS 238B,CONDENSD MATTR PHYS,PHYSICS 238A
