PSYCH 7A,INTRO TO PSYCHOLOGY,NO AP PSYCHOLOGY
PSYCH 111BW,HON ADV EXP PSYCH,PSYCH H111A,PSYCH 112A
PSYCH H111B,HON EXP PSYCH LAB,PSYCH H111A,PSYCH 112A
PSYCH 112R,COGNITIVE ROBOTICS,MATH 2B,AP CALCULUS BC,PSYCH 10C,ANTHRO 10C,POL SCI 10C,SOCIOL 10C,SOC SCI 10C, AND,STATS 7,PSYCH 10C,ANTHRO 10C,ECON 15B,POL SCI 10C,SOCIOL 10C,SOC SCI 10C, AND,PSYCH 9A,PSY BEH 11A, AND,PSYCH 9B,PSY BEH 11B, AND,PSYCH 9C,PSY BEH 11C
PSYCH 112BW,ADV EXPERMNTL PSYCH,PSYCH 112A,PSYCH H111A
PSYCH 112LB,ADV EXPER PSYCH LAB,PSYCH 112LA
PSYCH 112LR,COGNITIVE ROBOT LAB,PSYCH 112R
PSYCH 120D,DEVELOPMENTAL PSYCH,PSYCH 7A,AP PSYCHOLOGY,PSYCH 9A,PSY BEH 9A,PSY BEH 11A, AND,NO PSY BEH 111D
PSYCH 122I,ORGANIZ/INDUST PSYC,PSYCH 7A,PSY BEH 9,AP PSYCHOLOGY,PSYCH 9A,PSYCH 9B,PSYCH 9C,PSY BEH 11A,PSY BEH 11B,PSY BEH 11C
PSYCH 139,PSYCH & BEHVRL ECON,NO ECON 115
PSYCH 140M,HUMAN MEMORY,PSYCH 7A,PSY BEH 9,AP PSYCHOLOGY,PSYCH 9B,PSY BEH 11B
PSYCH 146MW,WRITING ABT MEMORY,PSYCH 7A,PSY BEH 9,AP PSYCHOLOGY,PSYCH 9B,PSY BEH 11B ANDLOWER DIVISION WRITING
PSYCH 150,PSYCH OF LANGUAGE,PSYCH 7A,PSYCH 9B,PSY BEH 9,PSY BEH 11B
PSYCH 156A,ACQUISITION LANG II,PSYCH 56L,LINGUIS 51
PSYCH 162N,HUM NEUROPSYCHOLOGY,BIO SCI N110,PSYCH 9A,PSY BEH 11A
PSYCH 169,NEURO PERCEPTION,PSYCH 7A,PSYCH 9A,PSY BEH 9,PSY BEH 11A
